{
  "_generated": "Generated by SweetTooth, do not edit", 
  "description": "TaskBar displays icons of running applications on the top panel or alternatively on a new bottom panel. Activate, minimize or close tasks with a simple click.\nTaskBar is a dock-like windows list on the top/bottom bar.\n\nOptions:\nDesktop button - toggle desktop view\nWorkspace button - switch workspaces left/right-click: cycle forward/backwards\nAppview button - left/right-click: toggle appview/overview\nFavorites - add from dash\nAlign position\nResize panels + contents\nTop/bottom panel background color + opacity\nBottom panel tray button - activate the message tray\nTasks on all workspaces\nClose tasks with a right/middle click\nActivate tasks on hover\nScroll tasks/workspaces\nSeparators\nThumbnail/label-preview\nHide activities\nDisable hot corner\nHide default application menu - simultaneously integrates the menu into \napplications like empathy, nautilus, etc.\n\nVersion 43 for GNOME 3.4 - 3.16\nzpydr@openmailbox.org\n\nLanguage support:\nChinese by tuhaihe\nCzech by michal-ruzicka\nGerman by jonnius, to-ba\n\nCredit to Xes, flubshi, rogst, Baltix, boennhoff, skoslowski, rgeary1, \nhkskoglund, michal-ruzicka, skochxxl\n\nTaskBar Installation Wiki\nhttps://github.com/zpydr/gnome-shell-extension-taskbar/wiki/TaskBar-Installation", 
  "name": "TaskBar", 
  "shell-version": [
    "3.4", 
    "3.6", 
    "3.8", 
    "3.10", 
    "3.12", 
    "3.14", 
    "3.16",
    "3.18",
    "3.20"
  ], 
  "url": "https://github.com/zpydr/gnome-shell-extension-taskbar", 
  "uuid": "TaskBar@zpydr", 
  "version": 43
}
