{
  "_generated": "Generated by SweetTooth, do not edit", 
  "description": "Bottom dock\n\nFeaturing:\n- Minimize focused application.\n- Minimize to dock icon.\n- Drag and drop favorites.\n- Cycle windows with scroll. \n- Application menus\n- Applications button (Optional).\n- Adjust icon sizes (Optional)\n- Adjust background opacity (Optional)\n- Intelligent auto hide (Optional).", 
  "name": "Simple Dock", 
  "settings-schema": "org.gnome.shell.extensions.simple-dock", 
  "shell-version": [
    "3.17.91",
    "3.18"
  ], 
  "url": "https://github.com/optimisme/gnome-shell-simple-dock", 
  "uuid": "simple-dock@nothing.org", 
  "version": 56
}
